country,year,goals,assists,yellow_cards,red_cards,minutes_played
Afghanistan,2012,0,0,0,0,57
Afghanistan,2013,0,0,1,0,198
Afghanistan,2015,0,1,1,0,714
Afghanistan,2016,0,0,1,0,929
Afghanistan,2017,0,0,0,0,29
Albania,2012,14,4,37,0,10374
Albania,2013,14,12,77,2,21512
Albania,2014,13,10,58,1,20529
Albania,2015,10,10,46,1,16387
Albania,2016,19,16,54,1,24762
Albania,2017,16,21,84,1,35817
Albania,2018,31,15,91,0,38601
Albania,2019,30,14,79,1,31992
Albania,2020,25,16,69,0,21747
Albania,2021,47,31,87,1,32926
Albania,2022,38,27,90,1,33671
Albania,2023,58,23,78,2,38229
Albania,2024,59,28,89,0,37201
Algeria,2012,56,32,52,2,25867
Algeria,2013,75,60,86,3,44493
Algeria,2014,74,68,114,5,53491
Algeria,2015,90,58,125,2,50154
Algeria,2016,135,88,142,4,60833
Algeria,2017,95,81,134,8,52533
Algeria,2018,96,72,126,4,55096
Algeria,2019,104,75,122,3,51447
Algeria,2020,71,72,112,9,44311
Algeria,2021,131,102,135,4,70127
Algeria,2022,93,90,94,3,57658
Algeria,2023,103,72,125,1,60926
Algeria,2024,63,56,105,6,41220
Angola,2012,31,23,21,0,9239
Angola,2013,35,18,19,1,13035
Angola,2014,22,12,46,2,15639
Angola,2015,26,20,46,1,19788
Angola,2016,39,34,37,0,21861
Angola,2017,18,24,38,0,17794
Angola,2018,49,34,67,1,25387
Angola,2019,39,32,43,0,22982
Angola,2020,39,23,58,2,25983
Angola,2021,46,48,66,3,32305
Angola,2022,36,24,57,2,23592
Angola,2023,39,35,92,1,31057
Angola,2024,15,34,80,3,27488
Antigua and Barbuda,2012,1,1,2,0,2324
Antigua and Barbuda,2013,2,6,4,0,4359
Antigua and Barbuda,2014,4,7,3,1,3668
Antigua and Barbuda,2015,0,0,0,0,284
Antigua and Barbuda,2017,0,0,0,0,23
Antigua and Barbuda,2018,0,0,0,0,353
Antigua and Barbuda,2019,0,0,1,0,525
Antigua and Barbuda,2020,3,0,0,0,714
Antigua and Barbuda,2021,0,0,1,0,192
Antigua and Barbuda,2023,2,0,0,0,159
Argentina,2012,288,237,395,13,162836
Argentina,2013,561,399,686,14,287297
Argentina,2014,526,400,670,18,275386
Argentina,2015,550,371,741,21,280192
Argentina,2016,511,353,612,16,242063
Argentina,2017,570,331,628,12,262936
Argentina,2018,482,312,635,12,244093
Argentina,2019,485,314,585,15,226231
Argentina,2020,332,264,506,11,184648
Argentina,2021,332,272,556,14,219616
Argentina,2022,291,222,508,20,187421
Argentina,2023,434,273,638,19,229211
Argentina,2024,321,215,477,7,176028
Armenia,2012,48,20,21,0,11603
Armenia,2013,48,24,24,1,14238
Armenia,2014,32,16,16,1,13010
Armenia,2015,39,39,34,0,16272
Armenia,2016,17,23,26,1,13035
Armenia,2017,21,24,54,2,20719
Armenia,2018,20,17,33,0,12766
Armenia,2019,22,24,34,0,11913
Armenia,2020,30,18,30,0,9120
Armenia,2021,18,21,41,0,12113
Armenia,2022,31,24,32,2,12126
Armenia,2023,41,34,44,1,20080
Armenia,2024,15,26,27,0,12113
Aruba,2012,11,8,2,0,1779
Aruba,2013,10,3,4,0,2389
Aruba,2014,8,7,4,0,5264
Aruba,2015,6,7,6,0,6004
Aruba,2016,4,4,6,0,5188
Aruba,2017,3,4,8,0,3479
Aruba,2018,0,3,9,0,2482
Aruba,2019,2,1,2,0,1440
Aruba,2020,0,4,0,0,588
Aruba,2021,2,0,1,0,816
Australia,2012,8,20,28,0,16919
Australia,2013,12,16,46,1,24184
Australia,2014,21,35,37,1,28594
Australia,2015,42,31,56,4,28602
Australia,2016,52,43,63,2,36159
Australia,2017,42,34,61,3,36029
Australia,2018,42,52,62,1,37387
Australia,2019,26,19,38,1,21517
Australia,2020,17,29,22,0,17857
Australia,2021,25,27,50,0,21871
Australia,2022,27,29,56,2,23804
Australia,2023,25,22,84,2,34862
Australia,2024,25,19,61,0,24941
Austria,2012,35,47,55,2,25724
Austria,2013,52,69,109,1,49951
Austria,2014,91,60,103,1,52369
Austria,2015,54,56,85,3,45943
Austria,2016,71,70,109,2,50984
Austria,2017,100,78,113,2,56703
Austria,2018,88,69,144,2,61192
Austria,2019,83,92,138,4,61429
Austria,2020,84,99,175,2,68842
Austria,2021,118,106,166,2,89776
Austria,2022,110,89,158,3,73694
Austria,2023,97,93,163,4,77521
Austria,2024,84,88,134,8,64004
Azerbaijan,2012,1,3,1,0,1411
Azerbaijan,2013,1,1,8,0,2732
Azerbaijan,2014,0,5,12,0,3169
Azerbaijan,2015,0,0,11,0,2679
Azerbaijan,2016,2,0,16,0,4559
Azerbaijan,2017,1,0,6,1,3812
Azerbaijan,2018,0,2,3,0,1705
Azerbaijan,2019,5,4,9,0,4612
Azerbaijan,2020,7,1,17,0,4916
Azerbaijan,2021,12,6,12,0,5919
Azerbaijan,2022,0,3,0,0,1818
Azerbaijan,2023,9,8,11,1,5562
Azerbaijan,2024,4,3,5,0,3534
Barbados,2012,3,0,2,0,1943
Barbados,2013,3,2,4,0,2382
Barbados,2015,0,0,0,0,10
Barbados,2018,0,0,0,0,60
Belarus,2012,8,10,34,2,10752
Belarus,2013,14,15,72,0,22517
Belarus,2014,19,33,54,3,26580
Belarus,2015,20,24,77,1,29456
Belarus,2016,20,30,54,0,27092
Belarus,2017,21,27,68,0,27356
Belarus,2018,5,11,25,0,13253
Belarus,2019,8,5,33,0,13208
Belarus,2020,6,11,25,1,9284
Belarus,2021,3,3,15,0,5071
Belarus,2022,12,6,24,2,11656
Belarus,2023,13,21,30,2,16025
Belarus,2024,14,7,22,0,9745
Belgium,2012,267,241,397,15,213384
Belgium,2013,486,371,634,26,325193
Belgium,2014,399,355,589,27,314659
Belgium,2015,477,356,572,15,318568
Belgium,2016,384,318,501,10,269707
Belgium,2017,398,320,559,13,287855
Belgium,2018,359,270,482,6,259958
Belgium,2019,354,308,464,7,275129
Belgium,2020,354,279,458,18,261610
Belgium,2021,464,360,648,25,348839
Belgium,2022,426,312,577,20,303761
Belgium,2023,467,458,645,19,363247
Belgium,2024,376,295,470,10,252178
Benin,2012,3,5,2,0,1689
Benin,2013,6,3,1,1,3410
Benin,2014,14,7,9,0,5869
Benin,2015,12,4,15,1,8027
Benin,2016,16,11,14,1,7969
Benin,2017,16,6,23,0,9492
Benin,2018,8,7,21,1,10308
Benin,2019,4,4,9,0,8843
Benin,2020,9,3,9,0,6939
Benin,2021,10,3,7,0,6488
Benin,2022,11,1,7,0,4884
Benin,2023,9,2,9,0,4612
Benin,2024,3,2,0,2,1719
Bermuda,2015,0,0,0,0,30
Bermuda,2017,0,0,0,0,13
Bermuda,2018,0,0,0,0,53
Bermuda,2019,2,0,0,0,243
Bolivia,2012,2,2,3,0,1012
Bolivia,2013,1,2,0,0,590
Bolivia,2014,1,2,5,0,1361
Bolivia,2015,7,9,26,0,4453
Bolivia,2016,1,0,3,0,594
Bolivia,2017,0,0,10,0,1129
Bolivia,2018,1,0,6,0,1241
Bolivia,2019,3,2,10,0,2562
Bolivia,2020,1,0,7,1,1476
Bolivia,2021,2,2,14,0,3363
Bolivia,2022,2,1,12,0,2618
Bolivia,2023,1,3,2,0,2115
Bolivia,2024,1,2,2,0,1632
Bonaire,2023,0,0,1,0,95
Bonaire,2024,0,2,1,0,761
Bosnia-Herzegovina,2012,58,42,78,6,28118
Bosnia-Herzegovina,2013,77,68,109,5,44185
Bosnia-Herzegovina,2014,75,56,122,2,47582
Bosnia-Herzegovina,2015,82,64,136,6,54428
Bosnia-Herzegovina,2016,114,91,152,0,63690
Bosnia-Herzegovina,2017,106,91,139,2,64146
Bosnia-Herzegovina,2018,100,63,130,2,60607
Bosnia-Herzegovina,2019,86,95,158,4,60964
Bosnia-Herzegovina,2020,85,59,104,3,46811
Bosnia-Herzegovina,2021,83,80,117,2,49450
Bosnia-Herzegovina,2022,72,64,103,3,47408
Bosnia-Herzegovina,2023,102,70,150,1,63863
Bosnia-Herzegovina,2024,83,52,86,2,46039
Brazil,2012,439,351,714,21,306752
Brazil,2013,775,646,1263,35,551976
Brazil,2014,683,523,1113,29,470548
Brazil,2015,729,619,1308,29,508203
Brazil,2016,721,578,1323,30,545369
Brazil,2017,903,656,1376,42,578221
Brazil,2018,796,636,1343,41,562971
Brazil,2019,746,584,1504,44,570871
Brazil,2020,576,463,1190,40,454540
Brazil,2021,705,564,1309,27,550667
Brazil,2022,667,497,1090,36,449673
Brazil,2023,722,520,1264,40,510899
Brazil,2024,636,494,994,23,414789
Bulgaria,2012,27,26,39,0,18047
Bulgaria,2013,55,38,53,1,27393
Bulgaria,2014,34,26,52,0,17855
Bulgaria,2015,30,36,55,4,23864
Bulgaria,2016,24,9,51,1,18805
Bulgaria,2017,18,21,19,0,16016
Bulgaria,2018,21,16,29,0,11679
Bulgaria,2019,15,11,24,0,9090
Bulgaria,2020,14,5,26,0,7761
Bulgaria,2021,7,7,25,1,8257
Bulgaria,2022,2,7,17,1,6709
Bulgaria,2023,12,14,34,0,13602
Bulgaria,2024,19,14,29,0,14549
Burkina Faso,2012,13,14,15,1,8641
Burkina Faso,2013,12,21,32,0,14664
Burkina Faso,2014,31,17,55,3,21009
Burkina Faso,2015,32,20,63,2,23509
Burkina Faso,2016,36,14,55,1,20044
Burkina Faso,2017,35,10,50,2,14566
Burkina Faso,2018,26,11,42,1,15187
Burkina Faso,2019,13,15,47,1,11341
Burkina Faso,2020,22,24,36,0,14673
Burkina Faso,2021,28,9,44,1,16771
Burkina Faso,2022,26,19,34,2,15962
Burkina Faso,2023,27,13,43,1,20404
Burkina Faso,2024,23,22,33,0,12402
Burundi,2012,8,5,8,0,4040
Burundi,2013,3,1,4,0,1712
Burundi,2014,10,4,3,0,3155
Burundi,2015,16,7,4,0,3127
Burundi,2016,5,0,1,0,2316
Burundi,2017,0,3,3,0,2049
Burundi,2018,1,4,5,0,1647
Burundi,2019,5,1,3,0,1117
Burundi,2020,7,6,4,0,2613
Burundi,2021,2,2,12,1,3869
Burundi,2022,5,1,15,0,3267
Burundi,2023,1,0,6,1,2391
Burundi,2024,1,1,7,0,1776
Cameroon,2012,80,47,124,1,51381
Cameroon,2013,105,76,163,9,82670
Cameroon,2014,129,64,128,4,71056
Cameroon,2015,132,72,139,5,73124
Cameroon,2016,96,67,131,3,73286
Cameroon,2017,140,69,146,5,75481
Cameroon,2018,88,43,163,0,66528
Cameroon,2019,72,41,167,4,62866
Cameroon,2020,71,44,115,4,50780
Cameroon,2021,96,48,143,4,59190
Cameroon,2022,83,51,108,4,48104
Cameroon,2023,94,53,115,4,59984
Cameroon,2024,53,42,100,4,44367
Canada,2012,13,9,13,0,7406
Canada,2013,13,13,18,1,9805
Canada,2014,0,15,20,1,6856
Canada,2015,7,10,22,1,5272
Canada,2016,8,7,14,0,6098
Canada,2017,11,4,15,0,7037
Canada,2018,26,9,35,0,9677
Canada,2019,37,27,25,0,14839
Canada,2020,39,22,42,0,17151
Canada,2021,65,31,64,4,28445
Canada,2022,33,24,54,3,21409
Canada,2023,58,30,55,1,26866
Canada,2024,61,32,45,0,19006
Cape Verde,2012,10,11,20,0,8571
Cape Verde,2013,28,17,50,5,21771
Cape Verde,2014,47,27,76,1,30342
Cape Verde,2015,34,32,73,1,26811
Cape Verde,2016,48,39,67,2,30338
Cape Verde,2017,48,45,86,1,39321
Cape Verde,2018,68,50,82,0,37483
Cape Verde,2019,46,28,57,1,24962
Cape Verde,2020,32,22,36,0,19230
Cape Verde,2021,32,21,73,2,28684
Cape Verde,2022,32,26,57,5,22413
Cape Verde,2023,46,25,61,0,28968
Cape Verde,2024,55,39,56,3,27311
Central African Republic,2012,6,4,1,0,1355
Central African Republic,2013,12,9,18,1,7204
Central African Republic,2014,9,6,20,0,6945
Central African Republic,2015,6,2,20,0,6718
Central African Republic,2016,2,1,17,2,5603
Central African Republic,2017,6,3,15,2,4209
Central African Republic,2018,2,4,17,1,5707
Central African Republic,2019,2,2,7,0,3452
Central African Republic,2020,1,1,7,0,2112
Central African Republic,2021,0,0,11,0,1606
Central African Republic,2022,3,3,11,0,3119
Central African Republic,2023,0,1,3,0,1492
Central African Republic,2024,3,3,10,0,3694
Chad,2012,2,0,3,1,426
Chad,2013,3,1,4,0,795
Chad,2014,0,0,3,0,1263
Chad,2015,6,1,4,0,2345
Chad,2016,6,5,7,0,2655
Chad,2017,1,0,1,0,786
Chad,2018,3,4,3,0,1484
Chad,2019,7,1,6,0,2043
Chad,2020,0,1,3,1,1073
Chad,2021,2,2,4,0,1311
Chad,2022,7,1,5,0,1684
Chad,2023,10,0,4,0,1848
Chad,2024,6,5,5,1,2031
Chile,2012,39,46,78,3,23327
Chile,2013,89,78,141,6,49812
Chile,2014,88,71,133,1,49350
Chile,2015,62,75,131,4,48575
Chile,2016,58,59,111,2,36145
Chile,2017,56,38,94,2,29442
Chile,2018,27,31,78,2,25134
Chile,2019,34,40,57,5,19922
Chile,2020,26,34,45,0,17008
Chile,2021,32,25,71,1,23316
Chile,2022,23,12,61,0,20390
Chile,2023,32,13,52,0,25293
Chile,2024,26,23,28,3,17117
China,2013,1,1,3,0,471
China,2014,0,0,2,0,230
China,2015,0,0,1,0,636
China,2016,4,6,2,0,714
China,2017,0,0,1,0,316
China,2018,0,1,0,0,350
China,2019,8,3,3,0,2614
China,2020,3,0,3,0,1178
China,2021,1,1,0,0,443
China,2022,1,0,0,0,229
China,2023,0,0,0,0,101
Chinese Taipei,2012,0,1,4,0,1349
Chinese Taipei,2016,0,1,7,1,1838
Chinese Taipei,2017,2,0,11,0,2509
Chinese Taipei,2018,1,0,2,1,341
Colombia,2012,83,43,63,1,24101
Colombia,2013,175,92,118,3,58022
Colombia,2014,141,94,145,8,56549
Colombia,2015,121,83,120,2,46136
Colombia,2016,147,89,121,3,54314
Colombia,2017,153,72,136,3,59599
Colombia,2018,143,94,148,2,60317
Colombia,2019,171,57,163,5,64304
Colombia,2020,144,74,142,2,64923
Colombia,2021,220,134,202,4,88779
Colombia,2022,145,100,193,10,72920
Colombia,2023,147,76,178,9,69614
Colombia,2024,107,64,134,3,54366
Comoros,2012,4,1,4,1,5036
Comoros,2013,8,12,8,3,8989
Comoros,2014,17,12,14,0,9025
Comoros,2015,11,9,14,4,8424
Comoros,2016,7,5,14,0,5093
Comoros,2017,13,3,8,0,5629
Comoros,2018,3,4,6,0,3253
Comoros,2019,3,5,11,0,4493
Comoros,2020,5,2,6,1,3432
Comoros,2021,21,14,13,1,10009
Comoros,2022,12,4,11,0,8319
Comoros,2023,5,7,25,5,11170
Comoros,2024,13,4,11,0,7060
Congo,2012,6,4,9,0,5456
Congo,2013,12,5,16,0,7760
Congo,2014,22,7,20,1,12363
Congo,2015,10,15,40,0,16212
Congo,2016,30,12,33,5,18026
Congo,2017,16,7,36,2,15576
Congo,2018,13,7,43,0,14223
Congo,2019,10,4,11,0,5914
Congo,2020,2,0,3,1,2580
Congo,2021,3,5,8,0,4692
Congo,2022,7,15,30,1,10731
Congo,2023,13,12,32,1,13272
Congo,2024,8,6,16,0,9225
Costa Rica,2012,12,23,18,0,10075
Costa Rica,2013,17,27,34,2,21616
Costa Rica,2014,25,25,38,1,20782
Costa Rica,2015,30,19,47,0,23127
Costa Rica,2016,36,30,58,1,23302
Costa Rica,2017,20,8,27,0,16449
Costa Rica,2018,8,10,25,1,12910
Costa Rica,2019,3,1,7,0,6083
Costa Rica,2020,3,4,8,0,5811
Costa Rica,2021,4,3,9,1,8441
Costa Rica,2022,16,6,25,0,10073
Costa Rica,2023,21,12,37,0,13431
Costa Rica,2024,31,10,33,0,12501
Cote d'Ivoire,2012,80,61,77,5,41735
Cote d'Ivoire,2013,179,106,202,5,83511
Cote d'Ivoire,2014,175,114,213,8,87809
Cote d'Ivoire,2015,161,97,186,7,79005
Cote d'Ivoire,2016,141,94,161,9,81532
Cote d'Ivoire,2017,121,78,160,3,77167
Cote d'Ivoire,2018,158,110,168,7,93785
Cote d'Ivoire,2019,186,97,187,5,92218
Cote d'Ivoire,2020,103,76,160,3,74934
Cote d'Ivoire,2021,160,111,239,3,95910
Cote d'Ivoire,2022,133,91,184,12,78884
Cote d'Ivoire,2023,117,103,201,7,87208
Cote d'Ivoire,2024,99,65,160,5,65456
Croatia,2012,81,61,125,3,48595
Croatia,2013,145,113,218,8,87991
Croatia,2014,159,105,213,6,95357
Croatia,2015,156,99,231,5,100211
Croatia,2016,175,122,238,2,98540
Croatia,2017,164,128,262,10,109112
Croatia,2018,174,132,299,10,118889
Croatia,2019,160,145,271,7,118626
Croatia,2020,154,132,299,5,106120
Croatia,2021,181,143,301,5,131295
Croatia,2022,141,121,231,3,104820
Croatia,2023,156,129,248,6,122899
Croatia,2024,128,83,209,4,94121
Cuba,2019,1,1,0,0,709
Cuba,2020,1,1,0,0,906
Cuba,2022,0,0,0,0,28
Curacao,2012,14,9,22,1,11111
Curacao,2013,32,13,34,2,20889
Curacao,2014,32,13,22,3,18685
Curacao,2015,22,29,38,0,24954
Curacao,2016,30,25,36,1,25300
Curacao,2017,26,37,34,3,24803
Curacao,2018,29,37,29,1,22526
Curacao,2019,21,18,36,2,20955
Curacao,2020,12,4,20,1,10073
Curacao,2021,12,16,45,0,16716
Curacao,2022,20,16,38,0,17399
Curacao,2023,16,16,41,0,19253
Curacao,2024,7,14,38,1,15186
Cyprus,2012,3,2,12,0,3349
Cyprus,2013,1,4,14,0,5769
Cyprus,2014,2,4,10,0,5600
Cyprus,2015,1,1,12,0,2524
Cyprus,2016,6,0,7,1,5450
Cyprus,2017,12,8,27,0,9745
Cyprus,2018,15,5,14,0,8072
Cyprus,2019,15,7,15,1,8870
Cyprus,2020,4,2,13,0,5167
Cyprus,2021,4,3,18,1,7125
Cyprus,2022,3,2,26,0,8460
Cyprus,2023,10,9,31,1,13443
Cyprus,2024,9,2,28,2,9950
Czech Republic,2012,25,23,80,3,36927
Czech Republic,2013,63,54,111,2,63131
Czech Republic,2014,39,30,56,4,41407
Czech Republic,2015,34,24,61,2,34522
Czech Republic,2016,59,40,86,1,51579
Czech Republic,2017,57,47,88,2,50911
Czech Republic,2018,37,38,69,2,47288
Czech Republic,2019,51,32,87,0,49478
Czech Republic,2020,66,46,57,1,44055
Czech Republic,2021,75,50,82,3,46952
Czech Republic,2022,45,33,50,2,34479
Czech Republic,2023,64,52,65,1,36282
Czech Republic,2024,50,36,57,0,31620
DR Congo,2012,49,40,52,2,27153
DR Congo,2013,95,69,102,7,55036
DR Congo,2014,114,97,116,1,62165
DR Congo,2015,75,60,115,2,55051
DR Congo,2016,59,41,91,1,37717
DR Congo,2017,90,54,102,0,50720
DR Congo,2018,64,61,123,2,51931
DR Congo,2019,77,64,105,1,47759
DR Congo,2020,84,38,90,4,42895
DR Congo,2021,95,59,103,2,52024
DR Congo,2022,83,50,78,2,42240
DR Congo,2023,91,48,75,2,41593
DR Congo,2024,56,27,68,1,28602
Denmark,2012,332,240,402,8,239324
Denmark,2013,513,423,640,9,373764
Denmark,2014,438,347,554,8,357318
Denmark,2015,462,362,574,10,365619
Denmark,2016,560,445,674,11,436203
Denmark,2017,469,406,600,6,350051
Denmark,2018,455,391,649,6,361564
Denmark,2019,434,373,574,5,325076
Denmark,2020,342,288,437,11,243411
Denmark,2021,383,332,506,7,293473
Denmark,2022,358,293,448,10,267999
Denmark,2023,476,322,545,10,321540
Denmark,2024,393,303,388,12,236251
Dominican Republic,2013,0,0,0,0,90
Dominican Republic,2016,5,1,3,0,694
Dominican Republic,2017,14,6,3,0,2385
Dominican Republic,2018,7,2,6,0,1944
Dominican Republic,2019,3,0,1,0,244
Dominican Republic,2020,2,0,1,0,346
Dominican Republic,2021,0,1,1,0,528
Dominican Republic,2022,1,0,2,0,317
Dominican Republic,2023,1,1,6,0,2786
Dominican Republic,2024,0,2,3,0,2004
Ecuador,2012,12,13,9,1,5515
Ecuador,2013,16,17,21,0,9835
Ecuador,2014,11,20,16,0,9439
Ecuador,2015,24,14,25,0,12314
Ecuador,2016,18,19,20,0,11990
Ecuador,2017,16,21,22,1,12966
Ecuador,2018,14,18,38,1,12436
Ecuador,2019,19,14,31,0,13390
Ecuador,2020,24,20,45,0,14258
Ecuador,2021,41,25,46,2,16514
Ecuador,2022,42,21,59,3,20483
Ecuador,2023,38,29,63,3,26826
Ecuador,2024,29,31,50,0,22956
Egypt,2012,8,1,10,0,4014
Egypt,2013,19,6,26,3,11091
Egypt,2014,18,20,43,0,15519
Egypt,2015,34,15,40,0,14288
Egypt,2016,45,34,32,1,16308
Egypt,2017,60,31,24,1,16533
Egypt,2018,62,37,26,1,15145
Egypt,2019,52,26,31,2,15979
Egypt,2020,45,27,20,0,13952
Egypt,2021,73,28,21,2,15595
Egypt,2022,62,38,26,0,14877
Egypt,2023,69,29,15,1,11916
Egypt,2024,58,40,26,0,11782
El Salvador,2012,1,1,0,0,271
El Salvador,2013,0,0,0,0,105
El Salvador,2016,1,4,4,0,593
El Salvador,2017,0,0,0,0,22
El Salvador,2018,1,1,0,0,549
El Salvador,2019,0,2,1,0,766
El Salvador,2020,0,0,0,0,1
El Salvador,2021,0,0,0,0,97
El Salvador,2022,0,0,0,0,16
England,2012,235,249,301,10,187370
England,2013,453,431,612,17,351846
England,2014,474,427,614,23,370811
England,2015,460,371,644,20,357394
England,2016,544,444,659,11,379683
England,2017,533,436,682,13,399731
England,2018,460,375,581,18,357090
England,2019,616,473,688,14,401089
England,2020,550,432,600,12,382894
England,2021,574,467,716,18,444704
England,2022,521,394,702,19,392294
England,2023,656,527,875,18,465992
England,2024,574,465,730,17,355579
Equatorial Guinea,2012,8,7,10,1,4837
Equatorial Guinea,2013,7,5,13,0,5751
Equatorial Guinea,2014,4,2,11,0,3348
Equatorial Guinea,2015,2,3,13,0,3565
Equatorial Guinea,2016,1,1,19,0,5484
Equatorial Guinea,2017,4,3,20,0,5205
Equatorial Guinea,2018,3,3,10,0,5178
Equatorial Guinea,2019,0,3,13,0,4699
Equatorial Guinea,2020,1,2,10,0,3287
Equatorial Guinea,2021,2,1,17,1,4675
Equatorial Guinea,2022,0,1,9,0,4095
Equatorial Guinea,2023,1,4,16,0,5226
Equatorial Guinea,2024,5,1,18,1,7115
Eritrea,2015,6,1,1,0,470
Eritrea,2016,0,0,0,0,124
Eritrea,2018,0,0,0,0,86
Estonia,2012,4,13,4,0,4764
Estonia,2013,20,15,13,1,11281
Estonia,2014,13,6,11,0,7424
Estonia,2015,3,2,4,1,5151
Estonia,2016,4,2,5,0,3119
Estonia,2017,1,3,9,0,4784
Estonia,2018,2,0,2,0,3796
Estonia,2019,0,0,6,0,2202
Estonia,2020,1,0,7,0,4382
Estonia,2021,0,0,3,0,1383
Estonia,2022,0,0,0,0,375
Estonia,2023,0,0,0,0,39
Estonia,2024,0,0,2,0,2100
Ethiopia,2013,0,0,0,0,23
Ethiopia,2015,0,0,1,0,360
Ethiopia,2017,0,0,0,0,90
Faroe Islands,2012,0,2,3,0,1174
Faroe Islands,2013,3,1,0,0,2113
Faroe Islands,2014,0,0,2,0,1429
Faroe Islands,2015,4,0,0,1,657
Faroe Islands,2016,8,3,10,0,4148
Faroe Islands,2017,7,3,9,0,2900
Faroe Islands,2018,7,5,15,2,4572
Faroe Islands,2019,2,3,8,0,1929
Faroe Islands,2020,5,2,5,0,1907
Faroe Islands,2021,0,2,1,0,1267
Faroe Islands,2022,0,1,0,0,192
Faroe Islands,2023,0,0,1,0,469
Faroe Islands,2024,0,0,0,0,3
Finland,2012,14,14,25,0,17388
Finland,2013,19,15,35,1,24268
Finland,2014,30,23,41,0,19174
Finland,2015,28,18,57,2,26197
Finland,2016,41,24,38,1,24532
Finland,2017,39,23,67,1,32991
Finland,2018,29,24,55,1,34844
Finland,2019,38,23,57,0,33005
Finland,2020,15,7,31,4,21215
Finland,2021,25,19,22,1,21155
Finland,2022,26,19,16,2,18502
Finland,2023,18,15,26,0,17416
Finland,2024,16,11,26,0,14359
France,2012,386,356,549,31,301162
France,2013,679,596,1010,42,569472
France,2014,631,553,925,34,532032
France,2015,660,569,1150,29,570099
France,2016,740,574,1063,46,581627
France,2017,769,620,1099,41,594868
France,2018,784,587,948,36,560682
France,2019,788,611,1118,36,590236
France,2020,640,526,968,35,459076
France,2021,820,715,1265,44,630381
France,2022,820,670,1155,33,556809
France,2023,820,624,1132,36,596285
France,2024,565,479,943,30,438475
French Guiana,2012,5,3,5,0,2784
French Guiana,2013,11,5,6,1,3654
French Guiana,2014,2,5,4,0,3623
French Guiana,2015,11,6,6,1,3775
French Guiana,2016,4,3,3,0,3128
French Guiana,2017,1,3,4,1,3340
French Guiana,2018,0,0,0,0,631
French Guiana,2019,0,0,0,0,797
French Guiana,2020,0,0,1,0,455
French Guiana,2021,0,0,3,0,1452
French Guiana,2022,1,1,5,1,2424
French Guiana,2023,1,1,4,0,2759
French Guiana,2024,0,1,5,0,1909
Gabon,2012,10,9,8,0,3857
Gabon,2013,30,21,22,0,14869
Gabon,2014,22,16,29,5,14658
Gabon,2015,50,21,47,2,18830
Gabon,2016,42,21,36,1,15943
Gabon,2017,44,8,24,0,11849
Gabon,2018,31,16,30,0,11930
Gabon,2019,44,13,37,1,18368
Gabon,2020,33,7,18,1,14019
Gabon,2021,42,12,39,1,16313
Gabon,2022,27,12,11,1,9150
Gabon,2023,23,15,23,0,11545
Gabon,2024,25,12,11,0,10164
Georgia,2012,33,23,45,2,21482
Georgia,2013,27,34,77,1,29562
Georgia,2014,25,23,61,1,25975
Georgia,2015,55,31,80,2,32872
Georgia,2016,33,30,55,3,28403
Georgia,2017,39,23,47,0,28157
Georgia,2018,22,15,41,3,23447
Georgia,2019,30,19,60,2,25794
Georgia,2020,19,25,56,3,20683
Georgia,2021,34,27,37,1,15905
Georgia,2022,22,20,35,0,17123
Georgia,2023,23,35,37,1,23575
Georgia,2024,39,34,37,2,20480
Germany,2012,317,296,402,11,221777
Germany,2013,569,600,775,15,407618
Germany,2014,492,449,681,12,385309
Germany,2015,495,499,783,14,410112
Germany,2016,495,480,753,13,384978
Germany,2017,560,581,747,8,421538
Germany,2018,524,527,642,10,416319
Germany,2019,527,529,704,15,419695
Germany,2020,501,457,641,13,343968
Germany,2021,560,569,724,12,438908
Germany,2022,518,488,691,12,371523
Germany,2023,557,499,817,15,413958
Germany,2024,490,438,671,10,352233
Ghana,2012,34,43,106,3,31973
Ghana,2013,78,62,169,6,61165
Ghana,2014,73,68,208,9,65616
Ghana,2015,81,58,193,6,63929
Ghana,2016,97,106,190,8,70741
Ghana,2017,119,77,193,4,76431
Ghana,2018,105,65,202,7,78978
Ghana,2019,113,80,237,3,86516
Ghana,2020,98,67,170,3,65204
Ghana,2021,97,68,188,5,80367
Ghana,2022,90,72,197,4,74871
Ghana,2023,145,102,239,13,87876
Ghana,2024,110,71,155,6,62636
Greece,2012,192,135,540,13,191010
Greece,2013,420,305,983,20,385870
Greece,2014,365,262,913,29,364805
Greece,2015,326,252,902,17,343874
Greece,2016,269,189,754,11,305030
Greece,2017,301,218,891,15,354074
Greece,2018,289,229,754,6,303389
Greece,2019,253,223,711,11,277112
Greece,2020,169,132,493,7,188105
Greece,2021,236,140,455,6,214405
Greece,2022,180,107,376,8,170570
Greece,2023,213,148,429,10,175297
Greece,2024,138,106,350,10,147294
Grenada,2012,0,1,2,0,708
Grenada,2015,0,0,0,0,993
Grenada,2016,0,0,0,0,7
Grenada,2018,0,0,0,0,120
Grenada,2020,0,0,2,0,768
Grenada,2021,7,2,8,0,2342
Grenada,2022,8,2,6,0,3074
Grenada,2023,6,4,4,0,2675
Grenada,2024,1,2,4,0,1463
Guadeloupe,2012,1,1,11,1,6261
Guadeloupe,2013,6,6,19,1,13657
Guadeloupe,2014,23,16,21,0,15660
Guadeloupe,2015,22,14,31,1,14664
Guadeloupe,2016,9,8,20,0,10430
Guadeloupe,2017,16,17,33,1,13084
Guadeloupe,2018,16,9,23,0,11354
Guadeloupe,2019,4,13,16,2,8226
Guadeloupe,2020,1,4,17,1,7359
Guadeloupe,2021,7,14,39,0,11194
Guadeloupe,2022,7,5,20,1,9163
Guadeloupe,2023,8,10,26,2,11681
Guadeloupe,2024,7,8,24,1,9725
Guatemala,2012,0,2,0,0,232
Guatemala,2013,0,0,0,0,130
Guatemala,2014,2,6,0,0,1159
Guatemala,2015,2,0,0,0,1097
Guatemala,2016,0,0,0,0,253
Guatemala,2017,0,0,0,0,77
Guinea,2012,14,15,20,0,11721
Guinea,2013,26,32,53,3,23905
Guinea,2014,33,21,38,0,25233
Guinea,2015,27,22,64,2,24091
Guinea,2016,34,25,66,0,28648
Guinea,2017,42,20,71,3,27868
Guinea,2018,24,21,58,2,19135
Guinea,2019,43,20,68,1,27735
Guinea,2020,40,23,48,1,20818
Guinea,2021,48,29,66,4,24976
Guinea,2022,44,23,101,3,29253
Guinea,2023,56,28,90,2,31292
Guinea,2024,47,19,55,2,20580
Guinea-Bissau,2012,13,4,18,0,6846
Guinea-Bissau,2013,30,6,39,3,12798
Guinea-Bissau,2014,24,17,41,0,14140
Guinea-Bissau,2015,35,22,40,2,17113
Guinea-Bissau,2016,27,30,45,1,20692
Guinea-Bissau,2017,29,11,45,3,17218
Guinea-Bissau,2018,23,8,31,1,13281
Guinea-Bissau,2019,20,16,53,1,19081
Guinea-Bissau,2020,20,18,48,2,19152
Guinea-Bissau,2021,45,12,51,3,23530
Guinea-Bissau,2022,27,13,21,6,13084
Guinea-Bissau,2023,41,27,28,2,15607
Guinea-Bissau,2024,31,16,22,0,9372
Guyana,2012,0,1,0,0,362
Guyana,2013,0,0,1,0,392
Guyana,2014,2,3,3,0,878
Guyana,2015,0,2,1,0,919
Guyana,2016,1,0,3,0,1169
Guyana,2017,2,0,1,0,1180
Guyana,2018,0,0,0,0,415
Guyana,2020,0,0,1,0,415
Guyana,2024,0,0,3,1,828
Haiti,2012,1,2,9,0,2856
Haiti,2013,3,9,10,0,5450
Haiti,2014,4,7,18,1,10487
Haiti,2015,11,2,11,1,6764
Haiti,2016,8,10,15,0,6947
Haiti,2017,0,7,15,0,5496
Haiti,2018,5,5,14,2,6420
Haiti,2019,5,5,9,0,2966
Haiti,2020,8,4,9,0,4210
Haiti,2021,2,2,3,1,3657
Haiti,2022,3,4,3,0,4472
Haiti,2023,8,5,13,1,7020
Haiti,2024,9,6,18,1,7196
Honduras,2012,2,4,8,1,6102
Honduras,2013,11,22,28,0,12252
Honduras,2014,5,14,20,0,11014
Honduras,2015,8,10,34,1,10506
Honduras,2016,0,5,7,0,3239
Honduras,2017,1,0,10,0,2249
Honduras,2018,13,3,15,1,5357
Honduras,2019,6,2,10,0,3504
Honduras,2020,4,4,8,0,2820
Honduras,2021,25,10,15,0,6045
Honduras,2022,13,8,10,1,4764
Honduras,2023,15,23,18,0,6308
Honduras,2024,9,3,6,0,3753
Hungary,2012,46,36,38,1,21444
Hungary,2013,49,33,50,3,25767
Hungary,2014,21,21,18,3,13309
Hungary,2015,16,19,26,1,12751
Hungary,2016,9,10,40,0,16917
Hungary,2017,18,8,44,2,18106
Hungary,2018,18,7,38,0,19747
Hungary,2019,11,10,25,0,16716
Hungary,2020,19,12,13,1,14667
Hungary,2021,29,18,24,0,20637
Hungary,2022,24,32,28,3,20663
Hungary,2023,25,17,31,0,17322
Hungary,2024,19,16,29,4,20554
Iceland,2012,51,23,40,2,19411
Iceland,2013,89,46,57,2,38381
Iceland,2014,51,41,73,2,33322
Iceland,2015,28,31,70,3,33685
Iceland,2016,50,22,56,1,30051
Iceland,2017,38,34,54,1,32202
Iceland,2018,52,28,65,1,34201
Iceland,2019,59,26,67,0,33005
Iceland,2020,31,24,52,2,22558
Iceland,2021,41,28,54,0,23547
Iceland,2022,32,17,40,0,21755
Iceland,2023,87,54,64,0,35405
Iceland,2024,45,28,43,2,26859
Indonesia,2012,0,0,7,0,1174
Indonesia,2013,1,0,9,0,2591
Indonesia,2014,1,3,10,0,3308
Indonesia,2015,0,2,11,0,3635
Indonesia,2016,2,8,16,2,6843
Indonesia,2017,4,4,17,2,5100
Indonesia,2018,2,2,16,0,6528
Indonesia,2019,5,2,14,2,5619
Indonesia,2020,3,4,12,1,5248
Indonesia,2021,10,19,20,1,11827
Indonesia,2022,7,18,25,0,14923
Indonesia,2023,7,12,27,2,14917
Indonesia,2024,10,5,21,0,10568
Iran,2012,0,0,2,0,794
Iran,2013,9,10,11,0,4702
Iran,2014,12,6,7,0,4227
Iran,2015,11,2,11,0,2462
Iran,2016,42,28,31,2,12883
Iran,2017,70,40,38,0,20365
Iran,2018,56,33,39,1,19480
Iran,2019,57,26,40,2,18039
Iran,2020,84,34,40,1,21000
Iran,2021,84,53,51,3,27218
Iran,2022,51,28,38,0,15290
Iran,2023,40,27,39,1,17708
Iran,2024,34,26,29,1,11354
Iraq,2012,0,1,0,0,270
Iraq,2013,4,4,6,0,2229
Iraq,2014,2,8,6,1,2552
Iraq,2015,2,5,10,0,3046
Iraq,2016,2,1,8,0,4076
Iraq,2017,3,4,5,1,2890
Iraq,2018,8,4,6,0,4338
Iraq,2019,4,1,8,0,2531
Iraq,2020,2,1,6,0,2006
Iraq,2021,1,0,7,0,2698
Iraq,2022,3,6,5,0,1708
Iraq,2023,1,1,4,0,1453
Iraq,2024,1,1,2,0,1205
Ireland,2012,93,87,100,6,55408
Ireland,2013,99,123,173,4,89332
Ireland,2014,104,88,148,4,72698
Ireland,2015,81,72,113,5,62123
Ireland,2016,75,69,124,0,64293
Ireland,2017,69,64,126,4,61717
Ireland,2018,39,37,98,2,49040
Ireland,2019,60,59,92,2,52877
Ireland,2020,48,41,94,2,52734
Ireland,2021,38,33,109,3,52319
Ireland,2022,26,25,68,4,35238
Ireland,2023,65,42,96,3,45236
Ireland,2024,69,38,78,5,46792
Israel,2012,50,27,34,0,17526
Israel,2013,51,37,53,2,25784
Israel,2014,39,37,46,1,21926
Israel,2015,34,25,39,2,19243
Israel,2016,17,12,27,2,15326
Israel,2017,23,22,17,1,13866
Israel,2018,10,8,21,1,8810
Israel,2019,22,17,25,0,15050
Israel,2020,35,20,22,2,17603
Israel,2021,82,53,31,1,25106
Israel,2022,42,33,29,0,15320
Israel,2023,23,22,31,2,14484
Israel,2024,18,17,29,0,11716
Italy,2012,326,262,633,18,236532
Italy,2013,566,420,1096,29,440798
Italy,2014,559,409,1021,28,424339
Italy,2015,562,375,1077,26,419135
Italy,2016,545,358,1039,26,418539
Italy,2017,601,386,917,23,435942
Italy,2018,479,346,903,23,395665
Italy,2019,524,334,871,22,354871
Italy,2020,475,357,707,25,321325
Italy,2021,538,427,798,20,367999
Italy,2022,403,315,720,15,309185
Italy,2023,450,353,839,16,381908
Italy,2024,336,270,575,12,279334
Jamaica,2012,6,14,10,0,7371
Jamaica,2013,17,22,21,0,11562
Jamaica,2014,1,1,13,1,5392
Jamaica,2015,7,6,9,0,7219
Jamaica,2016,37,30,40,1,16865
Jamaica,2017,25,15,22,0,14925
Jamaica,2018,21,18,25,0,14412
Jamaica,2019,54,22,35,2,20412
Jamaica,2020,53,25,34,0,13765
Jamaica,2021,58,29,28,2,16019
Jamaica,2022,47,21,30,2,14929
Jamaica,2023,37,22,22,0,17175
Jamaica,2024,27,15,26,0,11634
Japan,2012,36,37,23,1,21539
Japan,2013,44,58,52,1,37950
Japan,2014,43,49,45,0,33259
Japan,2015,54,60,39,0,32384
Japan,2016,49,44,55,1,37699
Japan,2017,81,51,54,1,40433
Japan,2018,63,60,55,3,42440
Japan,2019,74,62,69,1,52647
Japan,2020,66,58,69,0,47535
Japan,2021,106,93,80,2,69483
Japan,2022,141,103,95,3,70656
Japan,2023,166,139,107,4,94736
Japan,2024,150,73,99,3,74103
Jordan,2013,1,4,4,0,1027
Jordan,2014,3,1,6,0,2099
Jordan,2015,3,1,3,0,970
Jordan,2020,0,0,0,0,787
Jordan,2021,2,2,5,0,2037
Jordan,2022,5,2,2,0,2332
Jordan,2023,6,5,2,0,2530
Jordan,2024,2,1,1,0,901
Kazakhstan,2012,0,1,14,0,3972
Kazakhstan,2013,0,1,4,0,2498
Kazakhstan,2014,0,1,0,0,1095
Kazakhstan,2015,0,1,6,1,1504
Kazakhstan,2016,1,4,4,0,3968
Kazakhstan,2017,2,5,0,0,1747
Kazakhstan,2018,2,4,8,0,1329
Kazakhstan,2019,5,3,15,0,2863
Kazakhstan,2020,3,3,26,0,6896
Kazakhstan,2021,6,3,19,0,5490
Kazakhstan,2022,1,4,17,1,8914
Kazakhstan,2023,5,4,10,2,6067
Kazakhstan,2024,5,2,9,1,4782
Kenya,2012,8,3,10,0,2805
Kenya,2013,5,6,14,2,4180
Kenya,2014,5,2,10,0,3068
Kenya,2015,0,0,15,0,3718
Kenya,2016,3,2,8,1,3903
Kenya,2017,3,1,7,0,2206
Kenya,2018,5,2,13,0,4015
Kenya,2019,4,3,11,1,4122
Kenya,2020,0,0,6,0,1002
Kenya,2021,1,1,5,0,3818
Kenya,2022,3,2,7,2,4653
Kenya,2023,3,1,4,0,5189
Kenya,2024,4,4,7,0,3831
"Korea, North",2017,1,0,0,0,144
"Korea, North",2018,0,1,0,0,276
"Korea, South",2012,11,1,10,0,5284
"Korea, South",2013,31,21,19,0,14944
"Korea, South",2014,28,16,25,1,15516
"Korea, South",2015,44,22,38,0,18787
"Korea, South",2016,28,15,20,0,13751
"Korea, South",2017,34,15,18,0,10275
"Korea, South",2018,32,17,19,0,10106
"Korea, South",2019,33,19,16,4,8958
"Korea, South",2020,37,19,17,1,9466
"Korea, South",2021,48,26,17,0,15085
"Korea, South",2022,44,27,24,0,17763
"Korea, South",2023,76,39,44,0,24840
"Korea, South",2024,40,31,18,1,15438
Kosovo,2012,3,1,3,1,2552
Kosovo,2013,1,4,4,0,1048
Kosovo,2014,5,1,4,0,2415
Kosovo,2015,22,20,18,0,10661
Kosovo,2016,28,26,35,0,17092
Kosovo,2017,26,31,35,1,21803
Kosovo,2018,37,47,47,0,22722
Kosovo,2019,56,26,34,0,19520
Kosovo,2020,22,35,42,2,20778
Kosovo,2021,33,30,63,2,32938
Kosovo,2022,51,40,63,1,33033
Kosovo,2023,40,47,62,0,33850
Kosovo,2024,50,41,69,3,34663
Kyrgyzstan,2013,0,0,1,0,405
Kyrgyzstan,2018,2,0,0,0,1620
Kyrgyzstan,2019,0,0,2,0,798
Laos,2015,1,4,2,0,1136
Laos,2016,5,3,5,0,1849
Laos,2017,0,0,0,0,181
Laos,2018,0,0,0,0,251
Latvia,2012,13,9,7,0,4811
Latvia,2013,11,5,4,0,3732
Latvia,2014,9,6,10,0,4869
Latvia,2015,7,5,14,0,6662
Latvia,2016,5,4,9,0,3297
Latvia,2017,2,2,4,0,951
Latvia,2019,0,1,2,0,1836
Latvia,2020,0,1,4,0,2309
Latvia,2021,5,3,4,0,2182
Latvia,2022,2,1,5,0,1795
Latvia,2023,1,0,2,0,638
Latvia,2024,1,0,1,0,604
Lebanon,2013,0,0,0,0,113
Lebanon,2015,0,0,0,0,210
Lebanon,2016,1,0,2,0,1506
Lebanon,2018,2,1,4,0,673
Lebanon,2019,2,0,2,0,884
Lebanon,2024,0,0,0,0,173
Liberia,2012,0,1,0,0,218
Liberia,2013,2,1,1,1,1564
Liberia,2014,11,4,8,0,3479
Liberia,2015,1,1,4,0,1495
Liberia,2016,0,0,0,0,82
Liberia,2017,0,0,0,1,14
Liberia,2021,1,3,4,0,655
Liberia,2022,1,0,2,0,1015
Liberia,2023,1,4,5,0,1635
Liberia,2024,0,0,4,0,809
Libya,2012,0,0,1,0,129
Libya,2016,2,1,3,0,1521
Libya,2017,6,2,5,1,2151
Libya,2018,3,2,3,0,1568
Libya,2019,1,0,6,0,1176
Libya,2020,2,3,7,0,2063
Libya,2021,3,2,14,0,4394
Libya,2022,4,3,10,0,3615
Libya,2023,5,2,7,0,2483
Libya,2024,1,0,3,1,1374
Liechtenstein,2013,0,0,0,0,90
Liechtenstein,2015,2,1,3,0,690
Liechtenstein,2016,0,1,10,0,1440
Liechtenstein,2017,0,0,7,0,1356
Liechtenstein,2018,0,0,4,0,815
Lithuania,2012,9,7,29,0,8235
Lithuania,2013,6,7,16,0,8999
Lithuania,2014,11,3,10,0,7794
Lithuania,2015,15,1,15,1,8777
Lithuania,2016,4,0,9,1,8453
Lithuania,2017,4,3,6,1,4496
Lithuania,2018,4,2,7,0,5015
Lithuania,2019,1,3,8,0,2660
Lithuania,2020,6,5,8,0,3859
Lithuania,2021,4,2,19,0,4430
Lithuania,2022,0,1,5,1,2830
Lithuania,2023,3,3,18,0,3624
Lithuania,2024,5,2,11,0,4889
Luxembourg,2012,11,1,1,0,1736
Luxembourg,2013,9,7,2,0,3753
Luxembourg,2014,2,1,6,0,2777
Luxembourg,2015,3,3,10,0,5144
Luxembourg,2016,1,1,4,1,4045
Luxembourg,2017,0,4,9,0,4238
Luxembourg,2018,3,4,21,0,5589
Luxembourg,2019,4,7,21,1,9138
Luxembourg,2020,13,11,39,1,10454
Luxembourg,2021,10,14,29,1,13622
Luxembourg,2022,4,13,23,0,9644
Luxembourg,2023,16,13,21,1,13500
Luxembourg,2024,10,7,22,1,8749
Madagascar,2012,1,1,2,0,2406
Madagascar,2013,1,8,5,0,4139
Madagascar,2014,1,7,20,0,7410
Madagascar,2015,2,5,22,1,9029
Madagascar,2016,3,7,16,1,8068
Madagascar,2017,3,9,16,0,7312
Madagascar,2018,4,9,18,3,7355
Madagascar,2019,3,2,14,0,4902
Madagascar,2020,3,3,12,1,4596
Madagascar,2021,4,9,9,0,5643
Madagascar,2022,5,9,20,0,6981
Madagascar,2023,13,12,15,1,9739
Madagascar,2024,3,1,8,0,2097
Malawi,2015,0,0,0,0,183
Malawi,2016,0,0,0,0,6
Malawi,2020,0,0,0,0,1
Malawi,2021,0,0,0,0,26
Malawi,2022,0,0,0,0,90
Malawi,2023,0,0,0,0,2
Malawi,2024,0,0,0,0,33
Malaysia,2012,0,0,3,0,299
Malaysia,2013,2,1,6,0,1619
Malaysia,2014,0,0,1,0,341
Malaysia,2015,1,2,0,0,473
Malaysia,2016,3,0,5,0,1947
Malaysia,2017,3,2,4,0,1906
Malaysia,2018,1,2,3,0,971
Malaysia,2019,0,0,0,0,186
Malaysia,2020,0,1,4,0,1442
Malaysia,2021,1,2,2,0,1238
Malaysia,2022,0,1,3,0,644
Mali,2012,27,14,60,2,22953
Mali,2013,34,29,92,2,33788
Mali,2014,56,33,89,5,41781
Mali,2015,53,35,113,3,35323
Mali,2016,54,28,67,4,27364
Mali,2017,57,34,102,2,35229
Mali,2018,75,47,114,2,43857
Mali,2019,56,51,126,4,54075
Mali,2020,51,37,113,4,43930
Mali,2021,61,51,163,4,62851
Mali,2022,44,47,138,7,50016
Mali,2023,58,50,165,6,59242
Mali,2024,39,24,91,0,34594
Malta,2013,0,0,2,0,630
Malta,2014,0,0,3,0,2160
Malta,2015,0,0,3,1,2330
Malta,2016,1,2,2,0,1361
Malta,2017,2,2,3,0,1556
Malta,2018,0,1,0,0,129
Malta,2021,3,5,5,0,2849
Malta,2022,12,14,10,0,4784
Malta,2023,10,5,14,1,5068
Malta,2024,4,1,8,0,1986
Martinique,2012,5,5,12,2,7573
Martinique,2013,14,4,21,1,12060
Martinique,2014,16,13,24,1,15275
Martinique,2015,11,11,27,2,15639
Martinique,2016,4,4,20,2,10915
Martinique,2017,7,7,28,1,11635
Martinique,2018,3,2,23,1,9190
Martinique,2019,3,3,23,2,6980
Martinique,2020,2,1,11,0,4811
Martinique,2021,3,4,21,0,6160
Martinique,2022,1,1,6,0,2162
Martinique,2023,4,0,6,0,3720
Martinique,2024,6,4,12,1,4118
Mauritania,2012,0,0,2,0,331
Mauritania,2013,1,0,2,0,703
Mauritania,2014,3,1,3,0,1100
Mauritania,2015,1,0,1,1,683
Mauritania,2016,0,1,8,0,1838
Mauritania,2017,3,4,17,0,4647
Mauritania,2018,14,11,24,2,7034
Mauritania,2019,12,7,22,0,5626
Mauritania,2020,7,0,9,2,4210
Mauritania,2021,8,4,17,1,5126
Mauritania,2022,5,1,4,0,2263
Mauritania,2023,12,3,7,2,2901
Mauritania,2024,5,2,2,0,1248
Mauritius,2013,1,1,3,0,1714
Mauritius,2014,0,0,4,0,608
Mauritius,2015,0,0,3,1,1003
Mauritius,2016,0,0,1,0,1170
Mauritius,2017,0,0,1,0,688
Mauritius,2019,3,1,2,0,3000
Mauritius,2020,2,2,10,0,2313
Mauritius,2021,2,0,1,0,1600
Mauritius,2023,0,0,0,0,2
Mauritius,2024,0,0,3,0,1020
Mexico,2012,16,15,19,1,9135
Mexico,2013,48,34,35,0,20556
Mexico,2014,43,35,39,0,18963
Mexico,2015,66,36,51,1,25907
Mexico,2016,71,65,74,0,36931
Mexico,2017,66,47,70,2,31185
Mexico,2018,66,48,63,3,31240
Mexico,2019,68,47,73,1,31847
Mexico,2020,32,28,41,1,17021
Mexico,2021,21,36,60,1,23359
Mexico,2022,36,25,65,3,21444
Mexico,2023,73,25,92,2,32842
Mexico,2024,28,18,48,2,20252
Moldova,2012,5,7,16,0,7192
Moldova,2013,4,3,26,0,9094
Moldova,2014,14,5,24,0,8387
Moldova,2015,2,2,15,0,8157
Moldova,2016,8,5,30,2,10155
Moldova,2017,11,6,31,0,13013
Moldova,2018,7,4,36,0,12479
Moldova,2019,17,7,33,1,16269
Moldova,2020,5,7,40,1,13004
Moldova,2021,8,4,25,1,11545
Moldova,2022,1,6,17,0,6397
Moldova,2023,7,10,16,1,9586
Moldova,2024,5,5,12,1,7746
Monaco,2015,0,0,1,0,234
Montenegro,2012,29,14,50,0,16660
Montenegro,2013,24,16,65,0,25077
Montenegro,2014,22,19,57,0,20029
Montenegro,2015,23,14,55,1,19537
Montenegro,2016,21,20,48,0,17861
Montenegro,2017,34,22,58,1,25014
Montenegro,2018,31,31,67,3,20987
Montenegro,2019,22,12,37,1,13384
Montenegro,2020,9,9,49,1,14503
Montenegro,2021,19,7,41,1,14037
Montenegro,2022,8,13,40,0,14076
Montenegro,2023,24,17,53,3,19811
Montenegro,2024,24,13,39,3,17227
Montserrat,2012,0,0,0,0,83
Montserrat,2013,0,0,0,0,95
Montserrat,2014,8,4,2,0,1811
Montserrat,2015,5,3,2,0,1658
Montserrat,2017,1,0,0,0,244
Montserrat,2018,1,0,0,0,1081
Morocco,2012,71,69,120,4,48017
Morocco,2013,119,95,184,6,68855
Morocco,2014,134,127,171,4,73807
Morocco,2015,164,167,198,7,85567
Morocco,2016,153,119,192,7,82986
Morocco,2017,159,155,238,8,101752
Morocco,2018,181,164,241,5,97661
Morocco,2019,164,152,231,5,99163
Morocco,2020,158,101,189,8,81073
Morocco,2021,203,141,229,5,111274
Morocco,2022,147,116,185,16,86779
Morocco,2023,241,158,253,13,111638
Morocco,2024,150,135,185,4,84709
Mozambique,2012,0,0,2,1,1025
Mozambique,2013,4,3,22,0,7604
Mozambique,2014,7,5,36,1,9949
Mozambique,2015,5,1,23,1,8568
Mozambique,2016,3,5,20,0,5904
Mozambique,2017,6,3,14,1,7289
Mozambique,2018,7,4,17,0,7315
Mozambique,2019,0,9,19,0,7962
Mozambique,2020,3,2,9,1,4447
Mozambique,2021,1,3,22,0,8884
Mozambique,2022,1,4,25,0,9467
Mozambique,2023,3,2,36,1,8620
Mozambique,2024,9,8,15,1,5230
Netherlands,2012,408,318,490,16,271571
Netherlands,2013,717,528,794,39,480454
Netherlands,2014,729,537,761,21,489553
Netherlands,2015,685,535,810,26,491566
Netherlands,2016,622,471,766,15,456498
Netherlands,2017,695,571,762,24,450113
Netherlands,2018,731,543,787,29,455970
Netherlands,2019,787,633,824,31,482635
Netherlands,2020,459,337,535,11,314297
Netherlands,2021,691,502,769,28,471819
Netherlands,2022,653,437,678,13,421491
Netherlands,2023,776,591,837,26,521116
Netherlands,2024,587,437,725,28,402818
Neukaledonien,2012,1,0,3,0,1195
Neukaledonien,2013,1,1,6,0,2448
Neukaledonien,2014,1,1,6,0,2452
Neukaledonien,2015,0,0,2,0,2014
Neukaledonien,2016,0,0,1,0,1075
Neukaledonien,2017,1,0,5,0,789
Neukaledonien,2018,0,1,7,0,2033
Neukaledonien,2019,0,1,9,0,2790
Neukaledonien,2020,0,0,1,0,1275
Neukaledonien,2021,0,0,4,0,1040
New Zealand,2012,3,1,5,0,5095
New Zealand,2013,5,3,19,2,7020
New Zealand,2014,10,5,18,0,7085
New Zealand,2015,7,6,20,0,6846
New Zealand,2016,5,9,17,0,6748
New Zealand,2017,11,10,22,0,9599
New Zealand,2018,15,3,11,0,6606
New Zealand,2019,19,4,8,1,6924
New Zealand,2020,13,5,6,0,5046
New Zealand,2021,13,8,5,0,6380
New Zealand,2022,9,4,12,0,6062
New Zealand,2023,16,1,13,0,6719
New Zealand,2024,18,2,13,0,5432
Nicaragua,2017,1,0,1,0,330
Niger,2013,4,1,5,0,1409
Niger,2014,10,5,4,0,1905
Niger,2015,2,1,3,0,1127
Niger,2016,2,0,3,0,1056
Niger,2017,0,0,0,0,210
Niger,2018,2,0,2,0,1173
Niger,2019,1,0,2,0,880
Niger,2020,0,1,6,0,1352
Niger,2021,0,2,7,0,1977
Niger,2023,1,0,3,0,1170
Niger,2024,3,5,10,0,4589
Nigeria,2012,130,88,109,4,53739
Nigeria,2013,198,115,145,5,81599
Nigeria,2014,167,84,169,7,75944
Nigeria,2015,172,112,212,9,90429
Nigeria,2016,190,101,218,3,95160
Nigeria,2017,197,96,204,8,91496
Nigeria,2018,183,98,187,3,82626
Nigeria,2019,196,105,199,6,85876
Nigeria,2020,140,93,165,0,75036
Nigeria,2021,259,159,224,6,116534
Nigeria,2022,200,111,186,8,89229
Nigeria,2023,271,145,216,5,101577
Nigeria,2024,170,95,146,5,71501
North Macedonia,2012,12,8,26,2,10034
North Macedonia,2013,32,23,46,2,20936
North Macedonia,2014,26,20,30,1,14762
North Macedonia,2015,16,2,23,0,7321
North Macedonia,2016,9,4,7,1,4482
North Macedonia,2017,24,8,17,0,6385
North Macedonia,2018,26,9,40,1,12810
North Macedonia,2019,30,19,43,5,14844
North Macedonia,2020,23,13,21,1,10204
North Macedonia,2021,34,15,31,0,12823
North Macedonia,2022,30,14,37,2,14263
North Macedonia,2023,37,16,40,1,19335
North Macedonia,2024,32,19,32,0,17625
Northern Ireland,2012,46,27,30,1,24435
Northern Ireland,2013,70,36,46,1,41427
Northern Ireland,2014,33,45,49,2,40375
Northern Ireland,2015,72,56,58,4,45663
Northern Ireland,2016,53,30,66,0,38785
Northern Ireland,2017,47,33,72,2,37043
Northern Ireland,2018,30,36,41,0,27839
Northern Ireland,2019,37,37,58,3,30781
Northern Ireland,2020,31,24,56,1,33320
Northern Ireland,2021,37,23,35,0,25609
Northern Ireland,2022,16,12,42,0,21874
Northern Ireland,2023,22,23,66,2,26398
Northern Ireland,2024,22,28,44,1,21840
Norway,2012,33,27,36,1,24067
Norway,2013,37,42,51,2,35599
Norway,2014,51,46,67,0,41944
Norway,2015,59,46,92,1,42949
Norway,2016,48,38,64,0,44576
Norway,2017,80,64,81,2,50383
Norway,2018,76,58,82,3,54397
Norway,2019,110,87,103,3,67745
Norway,2020,124,70,122,3,57018
Norway,2021,165,98,150,2,85052
Norway,2022,142,84,151,6,83207
Norway,2023,205,140,170,1,99225
Norway,2024,157,108,132,2,80169
Oman,2012,0,0,0,0,1800
Oman,2013,0,0,0,0,945
Pakistan,2012,0,0,3,0,937
Pakistan,2013,1,0,1,0,693
Pakistan,2015,0,0,0,0,5
Pakistan,2016,2,0,0,0,548
Pakistan,2017,1,0,0,0,1245
Pakistan,2018,1,2,0,0,554
Pakistan,2019,0,2,1,0,421
Palestine,2012,1,0,5,0,608
Palestine,2013,2,2,5,0,1502
Palestine,2014,0,0,0,0,120
Palestine,2017,0,0,0,0,2
Palestine,2018,0,0,0,0,125
Palestine,2019,0,0,0,0,55
Palestine,2021,3,1,3,0,397
Palestine,2022,5,0,4,0,842
Palestine,2023,10,2,1,0,1845
Palestine,2024,0,0,1,0,589
Panama,2012,0,0,1,0,296
Panama,2013,1,0,1,0,744
Panama,2014,0,0,0,0,60
Panama,2017,0,1,0,0,575
Panama,2018,1,2,1,0,837
Panama,2019,0,1,2,0,466
Panama,2020,3,5,6,0,2361
Panama,2021,3,3,7,1,3225
Panama,2022,5,6,12,0,3685
Panama,2023,15,9,9,0,4669
Panama,2024,10,7,17,1,4950
Paraguay,2012,36,20,28,1,12841
Paraguay,2013,57,24,50,1,22655
Paraguay,2014,71,31,38,0,26038
Paraguay,2015,79,22,59,1,24752
Paraguay,2016,71,24,57,1,22926
Paraguay,2017,43,32,44,0,18992
Paraguay,2018,27,14,25,1,13166
Paraguay,2019,18,9,22,1,10487
Paraguay,2020,25,11,28,0,12313
Paraguay,2021,36,13,43,2,17729
Paraguay,2022,29,15,33,0,14436
Paraguay,2023,38,25,51,2,25421
Paraguay,2024,25,12,33,0,16418
Peru,2012,16,15,20,0,6657
Peru,2013,37,20,29,0,14793
Peru,2014,26,21,26,2,10938
Peru,2015,16,25,31,1,12306
Peru,2016,28,10,29,0,9210
Peru,2017,46,28,35,1,16077
Peru,2018,40,23,22,0,12815
Peru,2019,25,11,34,2,11496
Peru,2020,20,8,20,1,10848
Peru,2021,16,11,23,0,11448
Peru,2022,2,6,16,0,5677
Peru,2023,8,5,28,0,7933
Peru,2024,8,7,20,1,7870
Philippines,2012,0,0,3,0,1652
Philippines,2013,1,1,4,0,2386
Philippines,2014,0,0,2,0,843
Philippines,2015,0,0,0,0,915
Philippines,2016,0,1,0,0,101
Philippines,2017,1,0,1,0,1038
Philippines,2018,2,3,7,0,4868
Philippines,2019,2,0,5,0,3041
Philippines,2020,0,0,0,1,511
Philippines,2021,2,4,0,0,1108
Philippines,2022,4,5,0,0,1941
Philippines,2023,0,1,1,0,393
Philippines,2024,0,0,1,0,475
Poland,2012,51,47,58,3,29112
Poland,2013,99,86,111,4,67964
Poland,2014,74,67,113,7,66963
Poland,2015,116,66,130,7,69065
Poland,2016,150,69,121,2,71119
Poland,2017,104,55,89,0,58390
Poland,2018,144,44,121,3,59281
Poland,2019,163,68,151,5,79662
Poland,2020,112,76,149,1,83132
Poland,2021,150,84,165,5,91104
Poland,2022,106,57,101,2,66669
Poland,2023,98,69,144,2,78458
Poland,2024,116,51,128,4,69563
Portugal,2012,200,159,421,19,158566
Portugal,2013,443,271,1018,33,377888
Portugal,2014,402,363,1063,25,376300
Portugal,2015,551,495,1248,33,457394
Portugal,2016,545,538,1160,25,445984
Portugal,2017,511,535,1043,17,454391
Portugal,2018,548,482,990,18,410227
Portugal,2019,578,540,1013,22,433022
Portugal,2020,509,389,840,19,357597
Portugal,2021,561,531,1127,20,451621
Portugal,2022,541,551,1088,31,418331
Portugal,2023,578,554,1038,29,431256
Portugal,2024,413,472,776,13,344754
Qatar,2012,0,4,0,0,1050
Qatar,2013,0,0,0,0,13
Qatar,2016,0,0,1,0,1940
Qatar,2017,2,4,12,0,2667
Romania,2012,40,21,72,2,19108
Romania,2013,79,44,138,3,49493
Romania,2014,70,48,108,2,40281
Romania,2015,46,27,89,1,34193
Romania,2016,62,44,62,1,32513
Romania,2017,51,46,96,0,48879
Romania,2018,60,38,78,1,38619
Romania,2019,46,18,64,4,33598
Romania,2020,44,29,62,1,28612
Romania,2021,52,37,74,0,34209
Romania,2022,43,23,48,0,25410
Romania,2023,35,26,41,1,27784
Romania,2024,30,24,40,2,20371
Russia,2012,236,209,440,19,198727
Russia,2013,282,291,520,21,286194
Russia,2014,296,277,513,12,275622
Russia,2015,356,348,671,11,323026
Russia,2016,274,275,583,15,318765
Russia,2017,335,315,652,9,352569
Russia,2018,332,277,657,11,309420
Russia,2019,351,366,834,8,357677
Russia,2020,356,300,921,17,319977
Russia,2021,426,374,810,19,332781
Russia,2022,534,483,908,25,403403
Russia,2023,537,417,780,17,409575
Russia,2024,373,342,637,13,324343
Rwanda,2013,2,0,0,0,218
Rwanda,2015,0,1,1,0,1943
Rwanda,2016,2,1,3,0,1416
Rwanda,2017,0,0,4,0,1384
Rwanda,2018,0,0,2,0,693
Rwanda,2019,0,0,2,0,1036
Rwanda,2020,0,0,4,0,1171
Rwanda,2023,1,1,5,0,1311
Rwanda,2024,1,0,5,0,2535
Réunion,2012,2,3,0,0,913
Réunion,2013,1,1,1,0,486
Saint-Martin,2012,0,0,4,0,1218
Saint-Martin,2013,0,0,2,0,899
Saint-Martin,2014,1,0,7,0,1756
Saint-Martin,2015,0,0,2,0,652
Saint-Martin,2016,0,0,1,0,1049
Saint-Martin,2017,1,0,3,0,1385
San Marino,2018,0,0,1,0,117
Sao Tome and Principe,2012,6,2,1,0,1266
Sao Tome and Principe,2013,12,5,14,0,4746
Sao Tome and Principe,2014,0,0,2,0,1840
Sao Tome and Principe,2015,4,4,5,1,3343
Sao Tome and Principe,2016,0,0,1,0,482
Sao Tome and Principe,2017,0,1,6,0,1290
Sao Tome and Principe,2018,0,0,3,0,989
Sao Tome and Principe,2019,0,0,0,0,758
Sao Tome and Principe,2023,0,0,0,0,1
Saudi Arabia,2012,2,0,2,0,497
Saudi Arabia,2013,0,1,7,0,2992
Saudi Arabia,2014,1,1,3,0,1529
Saudi Arabia,2016,0,0,0,0,1
Saudi Arabia,2017,0,0,0,0,131
Saudi Arabia,2018,0,0,5,0,1420
Saudi Arabia,2019,1,0,2,0,805
Saudi Arabia,2024,2,0,2,0,903
Scotland,2012,211,191,277,9,163089
Scotland,2013,378,343,462,21,285669
Scotland,2014,392,380,512,10,291322
Scotland,2015,374,373,544,20,295477
Scotland,2016,378,394,544,8,284902
Scotland,2017,326,368,495,15,269515
Scotland,2018,314,313,454,9,239264
Scotland,2019,312,310,423,17,247242
Scotland,2020,290,290,406,10,227253
Scotland,2021,276,273,488,13,263571
Scotland,2022,243,197,424,10,211715
Scotland,2023,229,176,409,12,202124
Scotland,2024,176,150,240,6,139355
Senegal,2012,116,46,134,5,56891
Senegal,2013,204,130,291,11,131060
Senegal,2014,181,105,302,12,126368
Senegal,2015,198,93,310,12,120929
Senegal,2016,186,111,316,16,124042
Senegal,2017,203,107,312,10,126522
Senegal,2018,191,102,300,12,120811
Senegal,2019,209,107,229,8,109345
Senegal,2020,168,91,197,6,94108
Senegal,2021,232,84,269,8,112879
Senegal,2022,123,62,181,7,78901
Senegal,2023,204,91,209,10,87855
Senegal,2024,121,66,173,2,62746
Serbia,2012,90,91,163,4,70684
Serbia,2013,163,129,297,13,133756
Serbia,2014,205,154,287,8,133492
Serbia,2015,205,131,319,11,141899
Serbia,2016,152,154,349,10,143728
Serbia,2017,169,125,364,6,157351
Serbia,2018,223,132,337,7,146317
Serbia,2019,197,151,362,6,143730
Serbia,2020,122,85,263,11,105805
Serbia,2021,179,160,267,7,129940
Serbia,2022,147,122,235,6,103873
Serbia,2023,159,119,284,3,129377
Serbia,2024,118,86,222,6,102825
Seychelles,2012,0,0,1,0,1473
Seychelles,2013,0,0,1,0,554
Seychelles,2014,0,0,1,0,990
Sierra Leone,2012,3,3,6,0,3261
Sierra Leone,2013,3,2,6,0,4177
Sierra Leone,2014,6,1,7,0,4920
Sierra Leone,2015,1,2,6,0,4969
Sierra Leone,2016,0,1,1,0,847
Sierra Leone,2017,5,1,0,0,1515
Sierra Leone,2018,8,8,8,0,4408
Sierra Leone,2019,13,10,4,1,4455
Sierra Leone,2020,13,7,7,0,4971
Sierra Leone,2021,20,14,28,0,8966
Sierra Leone,2022,8,5,8,1,5702
Sierra Leone,2023,10,9,10,0,4814
Sierra Leone,2024,2,3,6,0,1058
Sint Maarten,2017,0,0,0,0,3
Slovakia,2012,39,34,45,3,20394
Slovakia,2013,56,52,90,1,40444
Slovakia,2014,47,43,64,1,43325
Slovakia,2015,46,40,76,3,40646
Slovakia,2016,44,43,81,3,35285
Slovakia,2017,53,28,88,3,37330
Slovakia,2018,53,26,68,1,39444
Slovakia,2019,34,35,83,1,37188
Slovakia,2020,32,23,68,2,27839
Slovakia,2021,38,29,64,0,33743
Slovakia,2022,24,19,66,0,32127
Slovakia,2023,21,33,77,0,37908
Slovakia,2024,25,22,62,0,31772
Slovenia,2012,28,18,33,2,16511
Slovenia,2013,25,20,64,2,28229
Slovenia,2014,23,28,65,3,31431
Slovenia,2015,36,36,101,3,39856
Slovenia,2016,53,43,92,2,46403
Slovenia,2017,70,55,122,3,57035
Slovenia,2018,78,39,106,6,47736
Slovenia,2019,90,49,98,3,43587
Slovenia,2020,65,30,60,0,31975
Slovenia,2021,41,35,76,1,39270
Slovenia,2022,42,19,80,1,33253
Slovenia,2023,49,33,57,2,33173
Slovenia,2024,43,22,50,1,31035
South Africa,2012,13,12,17,2,9887
South Africa,2013,14,16,21,1,18009
South Africa,2014,14,22,23,1,18116
South Africa,2015,24,14,24,0,18569
South Africa,2016,15,22,13,0,15476
South Africa,2017,9,8,20,3,13010
South Africa,2018,17,8,19,0,10732
South Africa,2019,21,18,22,1,13115
South Africa,2020,9,7,14,1,7673
South Africa,2021,6,8,36,1,8846
South Africa,2022,13,6,20,1,5718
South Africa,2023,9,15,9,1,6233
South Africa,2024,6,4,8,0,5177
Southern Sudan,2022,1,0,0,0,324
Southern Sudan,2023,0,0,0,0,45
Spain,2012,471,442,928,24,360333
Spain,2013,925,822,1876,40,706406
Spain,2014,760,685,1656,35,668321
Spain,2015,770,741,1782,37,690467
Spain,2016,867,831,1693,25,706301
Spain,2017,904,812,1709,20,720807
Spain,2018,886,793,1572,23,701295
Spain,2019,904,841,1702,29,717476
Spain,2020,776,646,1463,30,642814
Spain,2021,964,782,1597,36,757556
Spain,2022,899,718,1534,43,663675
Spain,2023,960,804,1737,43,738568
Spain,2024,724,639,1317,30,579603
St. Kitts & Nevis,2020,0,0,3,0,1052
St. Kitts & Nevis,2021,0,0,0,0,497
St. Kitts & Nevis,2023,0,0,1,0,611
St. Kitts & Nevis,2024,0,0,2,0,1230
St. Lucia,2015,0,0,0,0,90
St. Lucia,2016,0,0,0,0,90
Suriname,2012,23,24,20,3,14375
Suriname,2013,54,45,57,0,28839
Suriname,2014,57,53,65,1,33556
Suriname,2015,66,46,69,4,36895
Suriname,2016,30,35,43,2,25361
Suriname,2017,39,45,65,1,31538
Suriname,2018,61,43,66,0,39198
Suriname,2019,55,72,85,1,48696
Suriname,2020,36,27,45,1,23482
Suriname,2021,36,40,45,2,27833
Suriname,2022,38,32,44,0,27907
Suriname,2023,35,31,45,0,25922
Suriname,2024,43,34,39,2,25032
Sweden,2012,106,70,86,4,53146
Sweden,2013,154,119,163,10,93383
Sweden,2014,166,99,164,4,95791
Sweden,2015,220,173,234,7,122666
Sweden,2016,220,165,208,4,132847
Sweden,2017,188,145,178,3,117783
Sweden,2018,112,116,127,2,96312
Sweden,2019,153,140,156,4,99576
Sweden,2020,165,116,141,5,86774
Sweden,2021,191,136,177,4,105263
Sweden,2022,114,108,156,2,78077
Sweden,2023,193,136,179,3,95460
Sweden,2024,193,108,140,2,83736
Switzerland,2012,29,18,75,2,29492
Switzerland,2013,59,61,121,1,60124
Switzerland,2014,77,77,134,0,62185
Switzerland,2015,64,43,146,4,70123
Switzerland,2016,44,46,131,4,64864
Switzerland,2017,53,67,160,3,72283
Switzerland,2018,56,51,158,1,70819
Switzerland,2019,57,43,145,0,63025
Switzerland,2020,53,52,104,4,61881
Switzerland,2021,92,77,143,9,86568
Switzerland,2022,73,44,113,5,68305
Switzerland,2023,56,47,141,1,76460
Switzerland,2024,69,49,120,1,62274
Syria,2012,8,0,2,0,1413
Syria,2013,13,6,5,1,2441
Syria,2014,4,3,2,0,1014
Syria,2015,4,5,7,0,2336
Syria,2016,5,7,4,0,2737
Syria,2017,2,10,7,0,3462
Syria,2018,4,2,15,0,4150
Syria,2019,2,4,3,0,2447
Syria,2020,0,2,4,0,2336
Syria,2021,7,11,19,0,5458
Syria,2022,5,9,11,0,3888
Syria,2023,0,2,4,1,1764
Syria,2024,2,1,1,0,2056
Tahiti,2012,4,2,1,0,992
Tahiti,2013,1,2,0,0,1032
Tajikistan,2012,0,0,0,0,21
Tajikistan,2013,0,0,0,0,82
Tajikistan,2015,0,0,0,0,90
Tajikistan,2016,0,0,1,0,167
Tajikistan,2021,0,1,0,0,693
Tajikistan,2023,0,0,0,0,21
Tajikistan,2024,0,0,0,0,810
Tanzania,2015,0,1,0,0,180
Tanzania,2016,10,5,5,0,1963
Tanzania,2017,12,2,1,0,2265
Tanzania,2018,24,2,4,0,2596
Tanzania,2019,15,3,4,0,3053
Tanzania,2020,3,0,3,0,1760
Tanzania,2021,8,3,4,0,2195
Tanzania,2022,4,3,6,1,1929
Tanzania,2023,7,3,7,0,3254
Tanzania,2024,2,2,1,0,1471
Thailand,2014,1,0,1,0,216
Thailand,2015,0,0,0,0,161
Thailand,2021,0,0,1,0,1302
Thailand,2022,0,2,2,0,1441
Thailand,2023,2,0,1,0,849
Thailand,2024,0,1,0,0,334
The Gambia,2012,23,12,6,0,3837
The Gambia,2013,4,6,4,0,2914
The Gambia,2014,2,2,4,0,2180
The Gambia,2015,2,4,3,0,1383
The Gambia,2016,7,5,14,0,7597
The Gambia,2017,6,3,15,0,7240
The Gambia,2018,13,6,12,1,8687
The Gambia,2019,9,6,16,3,8108
The Gambia,2020,22,14,22,0,10319
The Gambia,2021,33,20,37,1,18852
The Gambia,2022,36,20,39,2,14500
The Gambia,2023,50,34,39,0,20374
The Gambia,2024,25,18,32,1,12304
Togo,2012,9,5,10,1,7462
Togo,2013,21,20,19,1,15981
Togo,2014,35,13,29,0,17768
Togo,2015,29,22,25,2,15788
Togo,2016,11,14,27,2,12633
Togo,2017,30,19,55,1,18650
Togo,2018,29,28,50,1,22727
Togo,2019,34,15,39,1,21260
Togo,2020,12,15,33,0,11281
Togo,2021,19,9,28,2,11104
Togo,2022,19,15,22,0,11679
Togo,2023,30,16,35,4,12219
Togo,2024,20,7,19,0,7492
Trinidad and Tobago,2012,4,5,7,1,3506
Trinidad and Tobago,2013,4,3,13,0,6053
Trinidad and Tobago,2014,7,1,10,0,3563
Trinidad and Tobago,2015,7,4,11,0,4702
Trinidad and Tobago,2016,6,9,9,1,5406
Trinidad and Tobago,2017,3,3,4,1,2249
Trinidad and Tobago,2018,1,2,2,0,1928
Trinidad and Tobago,2019,0,0,3,0,884
Trinidad and Tobago,2020,2,1,0,0,638
Trinidad and Tobago,2021,6,7,6,1,2702
Trinidad and Tobago,2022,12,5,4,0,2566
Trinidad and Tobago,2023,9,7,12,1,3967
Trinidad and Tobago,2024,15,4,9,0,2907
Tunisia,2012,29,37,52,3,17890
Tunisia,2013,57,45,73,3,25192
Tunisia,2014,37,16,44,1,18070
Tunisia,2015,31,16,35,3,18686
Tunisia,2016,35,15,44,2,19783
Tunisia,2017,43,14,77,2,22965
Tunisia,2018,65,24,60,0,26974
Tunisia,2019,40,25,66,1,27082
Tunisia,2020,19,15,53,2,20935
Tunisia,2021,37,26,82,1,31130
Tunisia,2022,30,27,45,0,22973
Tunisia,2023,39,28,57,3,23796
Tunisia,2024,9,21,42,0,13583
Turkey,2012,167,181,430,6,157480
Turkey,2013,290,322,789,20,314903
Turkey,2014,297,289,748,14,286978
Turkey,2015,287,281,672,20,279633
Turkey,2016,235,203,568,12,221824
Turkey,2017,165,161,391,8,163776
Turkey,2018,102,131,298,9,136779
Turkey,2019,92,88,279,8,99446
Turkey,2020,82,68,213,7,81205
Turkey,2021,87,89,223,4,99021
Turkey,2022,26,34,95,1,39743
Turkey,2023,10,8,32,0,10777
Türkiye,2012,25,29,79,3,24628
Türkiye,2013,77,90,170,5,57608
Türkiye,2014,82,106,194,5,71745
Türkiye,2015,115,105,250,12,96932
Türkiye,2016,139,129,245,6,97491
Türkiye,2017,165,150,260,5,110830
Türkiye,2018,169,185,305,3,138328
Türkiye,2019,191,183,411,7,158769
Türkiye,2020,206,201,389,10,167822
Türkiye,2021,270,259,562,18,280443
Türkiye,2022,315,290,587,12,269440
Türkiye,2023,305,324,630,16,303215
Türkiye,2024,305,288,649,12,280382
Uganda,2014,0,0,0,0,20
Uganda,2015,2,0,3,0,1132
Uganda,2016,0,3,4,0,1292
Uganda,2017,0,0,4,0,1623
Uganda,2018,3,7,5,0,3821
Uganda,2019,13,7,12,0,5435
Uganda,2020,5,3,6,1,3411
Uganda,2021,4,0,6,0,3896
Uganda,2022,0,5,12,1,4959
Uganda,2023,4,4,10,0,4228
Uganda,2024,1,1,4,0,2872
Ukraine,2012,202,150,464,9,187453
Ukraine,2013,358,245,706,16,308964
Ukraine,2014,315,241,670,14,301657
Ukraine,2015,455,264,928,23,380877
Ukraine,2016,402,238,901,11,341421
Ukraine,2017,438,317,1047,8,395737
Ukraine,2018,359,242,677,11,278189
Ukraine,2019,378,244,790,17,290328
Ukraine,2020,330,254,703,26,253031
Ukraine,2021,473,428,960,17,394862
Ukraine,2022,290,216,595,18,237378
Ukraine,2023,588,479,1161,40,513196
Ukraine,2024,474,363,766,16,397442
United States,2012,51,39,61,3,28888
United States,2013,70,30,69,1,38692
United States,2014,23,23,48,0,25994
United States,2015,29,23,31,1,24107
United States,2016,30,32,51,5,28258
United States,2017,26,31,44,0,31721
United States,2018,47,37,49,1,28125
United States,2019,35,38,60,1,29984
United States,2020,45,37,61,0,31046
United States,2021,74,58,101,3,59157
United States,2022,77,50,127,1,62222
United States,2023,83,82,141,2,71040
United States,2024,101,85,85,1,55883
Uruguay,2012,69,39,89,2,31089
Uruguay,2013,129,78,171,3,63804
Uruguay,2014,98,67,135,2,57112
Uruguay,2015,131,87,145,3,61889
Uruguay,2016,137,77,164,2,68351
Uruguay,2017,171,80,207,4,75406
Uruguay,2018,147,94,189,4,75126
Uruguay,2019,127,89,251,2,77953
Uruguay,2020,86,66,199,3,65434
Uruguay,2021,105,72,221,8,81486
Uruguay,2022,112,77,236,7,76822
Uruguay,2023,74,71,274,5,88710
Uruguay,2024,90,71,193,5,70600
Uzbekistan,2012,8,10,4,0,3971
Uzbekistan,2013,4,10,9,0,6038
Uzbekistan,2014,12,21,18,1,10540
Uzbekistan,2015,9,13,17,0,10646
Uzbekistan,2016,5,4,16,0,7703
Uzbekistan,2017,4,1,6,0,5123
Uzbekistan,2018,6,3,11,0,4697
Uzbekistan,2019,15,9,10,0,5452
Uzbekistan,2020,3,4,3,0,1977
Uzbekistan,2021,10,6,4,0,2919
Uzbekistan,2022,6,4,19,0,4329
Uzbekistan,2023,5,17,23,0,7958
Uzbekistan,2024,14,15,28,2,10604
Venezuela,2012,29,28,32,0,16063
Venezuela,2013,42,22,45,0,22833
Venezuela,2014,50,22,39,0,23350
Venezuela,2015,64,28,53,4,27310
Venezuela,2016,68,51,96,1,37675
Venezuela,2017,36,22,85,0,29085
Venezuela,2018,29,13,48,2,19730
Venezuela,2019,43,23,69,1,27039
Venezuela,2020,30,26,67,0,22862
Venezuela,2021,32,17,47,0,21740
Venezuela,2022,14,10,42,3,13717
Venezuela,2023,41,19,39,4,16420
Venezuela,2024,45,16,65,1,19650
Vietnam,2019,0,0,1,0,21
Wales,2012,21,23,31,2,20263
Wales,2013,74,46,59,0,40417
Wales,2014,53,50,62,3,39219
Wales,2015,36,50,65,1,41504
Wales,2016,55,33,58,1,36377
Wales,2017,46,39,45,3,29269
Wales,2018,52,31,31,1,25800
Wales,2019,38,27,34,0,22556
Wales,2020,39,21,36,0,22398
Wales,2021,44,20,43,3,20498
Wales,2022,33,27,60,4,28196
Wales,2023,47,42,84,0,36928
Wales,2024,60,34,63,1,25499
Zambia,2012,9,3,1,1,2244
Zambia,2013,19,2,2,0,4103
Zambia,2014,9,4,11,1,5642
Zambia,2015,2,4,3,0,2877
Zambia,2016,6,5,7,0,3435
Zambia,2017,6,4,11,0,6043
Zambia,2018,8,7,8,0,3815
Zambia,2019,12,4,9,1,5409
Zambia,2020,11,9,23,0,5716
Zambia,2021,27,16,12,0,6770
Zambia,2022,25,13,17,0,9130
Zambia,2023,10,15,10,1,5585
Zambia,2024,5,7,4,0,2525
Zimbabwe,2012,7,7,9,0,4892
Zimbabwe,2013,6,10,12,1,5517
Zimbabwe,2014,5,7,6,0,3845
Zimbabwe,2015,18,12,15,1,7691
Zimbabwe,2016,14,8,12,0,5633
Zimbabwe,2017,14,10,12,0,7334
Zimbabwe,2018,3,4,8,0,3148
Zimbabwe,2019,2,3,7,0,3593
Zimbabwe,2020,16,9,23,2,8500
Zimbabwe,2021,10,3,21,2,7469
Zimbabwe,2022,8,3,10,0,3642
Zimbabwe,2023,8,8,13,0,7409
Zimbabwe,2024,14,4,18,0,7309
